{
  "IcoMoonType": "selection",
  "icons": [
    {
      "icon": {
        "paths": [
          "M470 854l170-172h256v172h-426zM264 768l370-370-52-52-368 370v52h50zM786 248q26 26 26 60t-26 60l-486 486h-172v-174q480-478 486-484 26-26 60-26t60 26z"
        ],
        "attrs": [
          {}
        ],
        "isMulticolor": false,
        "isMulticolor2": false,
        "tags": [
          "drive_file_rename_outline"
        ],
        "grid": 24
      },
      "attrs": [
        {}
      ],
      "properties": {
        "order": 1,
        "id": 0,
        "prevSize": 24,
        "name": "drive_file_rename_outline"
      },
      "setIdx": 0,
      "setId": 5,
      "iconIdx": 0
    },
    {
      "icon": {
        "paths": [
          "M948.992 75.008c-49.984-50.016-115.488-75.008-180.992-75.008s-131.008 24.992-180.992 75.008l-586.016 585.984-0.992 363.008h361.984l587.008-587.008c100-100 100-261.984 0-361.984zM308.992 896h-1.376c49.984-49.984 49.984-132 0-182.016-47.872-47.872-123.488-48.512-173.76-4.736l542.528-542.496 180.992 180.992-548.384 548.256z"
        ],
        "attrs": [
          {}
        ],
        "isMulticolor": false,
        "isMulticolor2": false,
        "tags": [
          "pen-alt-stroke",
          "write",
          "blog"
        ],
        "grid": 16
      },
      "attrs": [
        {}
      ],
      "properties": {
        "order": 1,
        "id": 0,
        "name": "pen-alt-stroke, write, blog",
        "prevSize": 32
      },
      "setIdx": 1,
      "setId": 4,
      "iconIdx": 0
    },
    {
      "icon": {
        "paths": [
          "M870.298 214.016l-161.485-124.16c-44.646-34.355-109.312-25.907-143.718 18.688l-430.080 557.926c-34.355 44.595-25.958 109.158 18.688 143.514l161.434 124.16c44.646 34.355 109.312 25.907 143.718-18.688l430.131-557.926c34.355-44.595 25.958-109.158-18.688-143.514zM437.658 843.11l-27.494 34.867c-7.782 10.086-19.712 15.872-32.717 15.872-6.349 0-15.821-1.485-24.832-8.397l-161.434-124.16c-8.602-6.605-14.080-16.23-15.514-27.136s1.434-21.606 8.038-30.157l27.494-34.867c7.782-10.086 19.712-15.923 32.768-15.923 6.349 0 15.821 1.485 24.832 8.397l161.485 124.16c8.602 6.605 14.080 16.23 15.514 27.136 1.331 10.906-1.536 21.606-8.141 30.208z"
        ],
        "attrs": [
          {}
        ],
        "isMulticolor": false,
        "isMulticolor2": false,
        "tags": [
          "eraser"
        ],
        "grid": 20
      },
      "attrs": [
        {}
      ],
      "properties": {
        "order": 1,
        "id": 0,
        "prevSize": 20,
        "name": "eraser"
      },
      "setIdx": 2,
      "setId": 3,
      "iconIdx": 0
    },
    {
      "icon": {
        "paths": [
          "M512 804.571l192-219.429h-438.857l-192 219.429h438.857zM1090.857 189.143c11.429 26.286 6.857 56.571-12 78.286l-512 585.143c-13.714 16-33.714 25.143-54.857 25.143h-438.857c-28.571 0-54.857-16.571-66.857-42.857-11.429-26.286-6.857-56.571 12-78.286l512-585.143c13.714-16 33.714-25.143 54.857-25.143h438.857c28.571 0 54.857 16.571 66.857 42.857z"
        ],
        "attrs": [
          {}
        ],
        "width": 1097,
        "isMulticolor": false,
        "isMulticolor2": false,
        "tags": [
          "eraser"
        ],
        "grid": 14
      },
      "attrs": [
        {}
      ],
      "properties": {
        "order": 1,
        "id": 0,
        "prevSize": 28,
        "name": "eraser1"
      },
      "setIdx": 3,
      "setId": 2,
      "iconIdx": 0
    }
  ],
  "height": 1024,
  "preferences": {
    "showGlyphs": true,
    "showQuickUse": true,
    "showQuickUse2": true,
    "showSVGs": true,
    "fontPref": {
      "prefix": "icon-",
      "metadata": {
        "fontFamily": "icomoon"
      },
      "metrics": {
        "emSize": 1024,
        "baseline": 6.25,
        "whitespace": 50
      },
      "embed": false
    },
    "imagePref": {
      "prefix": "icon-",
      "png": true,
      "useClassSelector": true,
      "color": 0,
      "bgColor": 16777215,
      "classSelector": ".icon",
      "name": "icomoon"
    },
    "historySize": 50,
    "showCodes": true,
    "gridSize": 16
  }
}